zoo_id,animal_name,scientific_name,animal_category,animal_wikidata_id,source
Q154828,Bulette,,Fauna,Q1003566,Wikidata
Q220055,Bulette,,Fauna,Q1003566,Wikidata
Q220057,Q100712236,,Fauna,Q100712236,Wikidata
Q220057,Gaspard,,Fauna,Q100712267,Wikidata
Q220057,Q100712461,,Fauna,Q100712461,Wikidata
Q220057,Q100712463,,Fauna,Q100712463,Wikidata
Q1777677,Q100712898,,Mammal,Q100712898,Wikidata
Q1284778,Q100864779,,Fauna,Q100864779,Wikidata
Q220013,Q100871815,,Fauna,Q100871815,Wikidata
Q220080,Stinki,,Fauna,Q103843044,Wikidata
Q591131,Yuan Bao,,Fauna,Q104538554,Wikidata
Q1938567,Enzo,,Fauna,Q10485120,Wikidata
Q5150169,Nora,,Fauna,Q105473141,Wikidata
Q7101428,Nora,,Fauna,Q105473141,Wikidata
Q1957702,Kako,,Fauna,Q105553121,Wikidata
Q1284778,Wojtek,,Fauna,Q1055802,Wikidata
Q613676,Q106040249,,Fauna,Q106040249,Wikidata
Q1790875,Brutalis,,Fauna,Q106044328,Wikidata
Q6423488,Brutalis,,Fauna,Q106044328,Wikidata
Q220001,Chantek,,Fauna,Q1062425,Wikidata
Q6651776,Kianga,,Fauna,Q106716237,Wikidata
Q220086,Q106783157,,Fauna,Q106783157,Wikidata
Q2307982,Mali,,Fauna,Q107210866,Wikidata
Q162722,Kang Kang,,Fauna,Q107348532,Wikidata
Q162722,Lan Lan,,Fauna,Q107348652,Wikidata
Q162722,You You,,Mammal,Q107348807,Wikidata
Q162722,Xiang Xiang,,Fauna,Q107354204,Wikidata
Q1067861,Bing Bing,,Mammal,Q10895441,Wikidata
Q7101428,Inju,,Fauna,Q109318385,Wikidata
Q220083,Niu Niu,,Mammal,Q10943072,Wikidata
Q154828,Siu Fa,,Fauna,Q10960104,Wikidata
Q11652345,Momo,,Mammal,Q110905136,Wikidata
Q4363922,Colossus,,Fauna,Q1111846,Wikidata
Q220055,Luena,,Fauna,Q111512362,Wikidata
Q220063,Luena,,Fauna,Q111512362,Wikidata
Q1954263,Rafiki,,Fauna,Q111522970,Wikidata
Q220033,Rafiki,,Fauna,Q111522970,Wikidata
Q10563866,Le Le,,Fauna,Q111693090,Wikidata
Q6815902,Le Le,,Fauna,Q111693090,Wikidata
Q220083,Ya Ya,,Fauna,Q111693091,Wikidata
Q6815902,Ya Ya,,Fauna,Q111693091,Wikidata
Q1754233,Rosa,,Fauna,Q111913984,Wikidata
Q1617948,Kush,,Mammal,Q111942562,Wikidata
Q5194933,Kush,,Mammal,Q111942562,Wikidata
Q4851486,Patrick the wombat,,Fauna,Q112316895,Wikidata
Q1617948,Nam Pang,,Mammal,Q112422904,Wikidata
Q7134390,Nam Pang,,Mammal,Q112422904,Wikidata
Q781321,Harriet,,Fauna,Q1124341,Wikidata
Q1617948,N'mai,,Mammal,Q112535878,Wikidata
Q220027,N'mai,,Mammal,Q112535878,Wikidata
Q154828,Kitty,,Mammal,Q112536382,Wikidata
Q1617948,Kitty,,Mammal,Q112536382,Wikidata
Q1617948,Kevyn,,Mammal,Q112536477,Wikidata
Q154828,Kit,,Fauna,Q112538257,Wikidata
Q7128018,Happy,,Fauna,Q112580675,Wikidata
Q739792,Happy,,Fauna,Q112580675,Wikidata
Q11480016,Akiko,Elephantidae,Mammal,Q11282806,Wikidata
Q11568009,Ellie,Elephantidae,Mammal,Q11290997,Wikidata
Q162722,Satsuki,,Fauna,Q11304816,Wikidata
Q929075,Ziggy,,Mammal,Q11309495,Wikidata
Q1413736,Tamao,Elephantidae,Mammal,Q11316298,Wikidata
Q11609531,Tango,Elephantidae,Mammal,Q11316484,Wikidata
Q11259212,Deka,,Fauna,Q11320347,Wikidata
Q162722,Tong Tong,,Fauna,Q11322257,Wikidata
Q5019173,Cornelius the First,,Fauna,Q1133838,Wikidata
Q1413736,Mako,Elephantidae,Mammal,Q11340094,Wikidata
Q56695189,Militão,,Fauna,Q113682101,Wikidata
Q1067861,Yuhin,,Mammal,Q11387715,Wikidata
Q2587322,Yuhin,,Mammal,Q11387715,Wikidata
Q623333,Incas,,Fauna,Q114152914,Wikidata
Q1284778,Major General Sir Nils Olav III,,Fauna,Q1144606,Wikidata
Q713124,Herman jr.,,Fauna,Q115003515,Wikidata
Q18775796,Tanja,,Fauna,Q115004786,Wikidata
Q713124,Tanja,,Fauna,Q115004786,Wikidata
Q1954263,Makena,,Fauna,Q115748760,Wikidata
Q123195444,Xiaohe (crocodile),,Reptile,Q115815819,Wikidata
Q60994248,Xiaohe (crocodile),,Reptile,Q115815819,Wikidata
Q1954263,Gori,,Fauna,Q115869712,Wikidata
Q11265357,Haruka,,Mammal,Q11612358,Wikidata
Q11590062,Suwako,Elephantidae,Mammal,Q11631855,Wikidata
Q954207,Flaco,,Bird,Q116855497,Wikidata
Q529586,Hennes IX.,,Fauna,Q117303631,Wikidata
Q529586,Hennes VIII,Capra aegagrus hircus,Mammal,Q117303721,Wikidata
Q1219892,Buba,Elephantidae,Mammal,Q117334944,Wikidata
Q6171747,Buba,Elephantidae,Mammal,Q117334944,Wikidata
Q954207,Samson,,Fauna,Q117360786,Wikidata
Q954207,Nigel,,Fauna,Q117361303,Wikidata
Q954207,Ryan,,Fauna,Q117377885,Wikidata
Q954207,Benny,,Fauna,Q117440044,Wikidata
Q954207,Bridget,,Fauna,Q117477099,Wikidata
Q954207,Larry,,Fauna,Q117477368,Wikidata
Q4808913,Debby,,Fauna,Q1181445,Wikidata
Q11480258,Minfa,,Fauna,Q118182475,Wikidata
Q11674251,Minfa,,Fauna,Q118182475,Wikidata
Q739792,Congo,,Fauna,Q118313790,Wikidata
Q739792,Penelope,,Fauna,Q118869480,Wikidata
Q11102420,宝宝,,Fauna,Q121307555,Wikidata
Q162722,歓歓,,Fauna,Q121323608,Wikidata
Q3241309,Rocky,,Fauna,Q121484486,Wikidata
Q1754233,Otter 841,,Mammal,Q121754130,Wikidata
Q2275145,Nandan,Panthera tigris,Mammal,Q121925911,Wikidata
Q1219892,Yuan,,Mammal,Q122696637,Wikidata
Q3364780,Yuan,,Mammal,Q122696637,Wikidata
Q3364780,Païku,,Mammal,Q122755681,Wikidata
Q3576057,Païku,,Mammal,Q122755681,Wikidata
Q3364780,Jinpa,,Mammal,Q122756306,Wikidata
Q3364780,Kitsi,,Mammal,Q122756570,Wikidata
Q166851,Dobby,,Mammal,Q122758176,Wikidata
Q3364803,Dobby,,Mammal,Q122758176,Wikidata
Q3364803,Padna,,Mammal,Q122758602,Wikidata
Q3364803,Ping,,Mammal,Q122758668,Wikidata
Q3364803,Pong,,Mammal,Q122758682,Wikidata
Q2180449,Pong,,Mammal,Q122758740,Wikidata
Q1284778,Ruaridh,,Mammal,Q122758895,Wikidata
Q2180449,Ruaridh,,Mammal,Q122758895,Wikidata
Q2180449,Mambo,,Mammal,Q122759018,Wikidata
Q16668906,Meï,,Mammal,Q122759069,Wikidata
Q2180449,Meï,,Mammal,Q122759069,Wikidata
Q2180449,Pyaro,,Mammal,Q122759075,Wikidata
Q3364790,Pyaro,,Mammal,Q122759075,Wikidata
Q2180449,Zuu-An,,Mammal,Q122759096,Wikidata
Q16668906,Oshi,,Mammal,Q122764701,Wikidata
Q16668906,Ron,,Mammal,Q122764751,Wikidata
Q16668906,Ginny,,Mammal,Q122764756,Wikidata
Q16668906,Shifumi,,Mammal,Q122764789,Wikidata
Q494673,Fubao,,Fauna,Q122877860,Wikidata
Q220057,Chieng-Mai,,Mammal,Q12305738,Wikidata
Q1043283,Shanthi,,Fauna,Q123162487,Wikidata
Q9011004,Luna,,Fauna,Q123189740,Wikidata
Q220057,Tembo,,Mammal,Q12338901,Wikidata
Q1957702,Tajmin,,Fauna,Q123471654,Wikidata
Q220232,Tajmin,,Fauna,Q123471654,Wikidata
Q1112760,Böbe,,Fauna,Q124300454,Wikidata
Q929075,Meshie,,Fauna,Q124837374,Wikidata
Q954207,Ted,,Fauna,Q125465086,Wikidata
Q1954263,Q126598855,,Fauna,Q126598855,Wikidata
Q1043283,Bao Li,,Fauna,Q128123208,Wikidata
Q1043283,Qing Bao,,Fauna,Q128123218,Wikidata
Q3139243,Motty,Elephantidae,Mammal,Q1292935,Wikidata
Q3576017,Moo Deng,,Fauna,Q130288176,Wikidata
Q1321392,Pesto,,Fauna,Q130374399,Wikidata
Q1043283,Kamala,Elephas maximus,Fauna,Q130990000,Wikidata
Q3026688,Paora,Apteryx mantelli,Bird,Q131147965,Wikidata
Q1284778,Haggis,,Fauna,Q131380861,Wikidata
Q220013,Yoyo,,Fauna,Q131579023,Wikidata
Q3576063,Rajah,,Fauna,Q131582578,Wikidata
Q861318,Rajah,,Fauna,Q131582578,Wikidata
Q5034928,David Bowie,,Fauna,Q131753138,Wikidata
Q7101428,Rose-Tu,Elephas maximus,Mammal,Q132603063,Wikidata
Q3333182,Louis XIV elephant,,Mammal,Q1326205,Wikidata
Q1054648,Rita,Pan,Fauna,Q133808944,Wikidata
Q1886334,Koko,,Fauna,Q1348219,Wikidata
Q1149264,Q135273990,Hippopotamus amphibius,Mammal,Q135273990,Wikidata
Q502326,Q135273990,Hippopotamus amphibius,Mammal,Q135273990,Wikidata
Q220265,Kap,,Fauna,Q135394830,Wikidata
Q613676,Kap,,Fauna,Q135394830,Wikidata
Q162722,Toto,,Fauna,Q135396049,Wikidata
Q3576063,Toto,,Fauna,Q135396049,Wikidata
Q3253024,Nuka,,Fauna,Q135413009,Wikidata
Q220265,Nika,,Fauna,Q135413021,Wikidata
Q752283,Nika,,Fauna,Q135413021,Wikidata
Q220013,Q136269103,,Fauna,Q136269103,Wikidata
Q220013,Q136276480,,Fauna,Q136276480,Wikidata
Q686220,Fritz,,Fauna,Q136325032,Wikidata
Q702771,Lisa Hari,,Mammal,Q136341634,Wikidata
Q702771,Freddy Kumar,,Mammal,Q136341639,Wikidata
Q3495905,Joel,,Mammal,Q136341648,Wikidata
Q702771,Joel,,Mammal,Q136341648,Wikidata
Q3495905,Shine,,Mammal,Q136341717,Wikidata
Q702771,Shine,,Mammal,Q136341717,Wikidata
Q1886334,Togare,Panthera leo,Mammal,Q136657023,Wikidata
Q108801638,Mars,,Fauna,Q136772047,Wikidata
Q220265,Mika,,Fauna,Q136805188,Wikidata
Q1954263,Q137699023,,Fauna,Q137699023,Wikidata
Q1954263,Q137704120,,Fauna,Q137704120,Wikidata
Q3576025,Q137704120,,Fauna,Q137704120,Wikidata
Q1957702,Q137821487,,Fauna,Q137821487,Wikidata
Q3333182,Q137821487,,Fauna,Q137821487,Wikidata
Q1886334,Sparky the Penguin,,Bird,Q137855957,Wikidata
Q5150169,Colo,,Fauna,Q138153,Wikidata
Q11480258,Punch-kun,,Fauna,Q138358320,Wikidata
Q1413736,Takako,Elephas maximus,Mammal,Q138798479,Wikidata
Q162722,Takako,Elephas maximus,Mammal,Q138798479,Wikidata
Q5491738,Romeo and Juliet,,Fauna,Q138848384,Wikidata
Q56525859,Jeremy,,Fauna,Q138914031,Wikidata
Q1142942,Rokiah,,Fauna,Q139501344,Wikidata
Q8074067,Rokiah,,Fauna,Q139501344,Wikidata
Q1142942,Sulong,,Fauna,Q139504983,Wikidata
Q1142942,Jane,,Fauna,Q139505118,Wikidata
Q1142942,Coco,,Fauna,Q139505133,Wikidata
Q1969385,Aldo,,Fauna,Q139695817,Wikidata
Q8022394,Bruce,,Fauna,Q139761089,Wikidata
Q11648278,タイガとココア,,Fauna,Q139903236,Wikidata
Q11648278,タイガ,,Fauna,Q139914044,Wikidata
Q11648278,ココア,,Fauna,Q139914049,Wikidata
Q3350326,Donald Trump,,Fauna,Q139926216,Wikidata
Q4325472,Zelenogorsk,Animalia,Fauna,Q140372408,Wikidata
Q3349063,Q140455300,,Fauna,Q140455300,Wikidata
Q3398288,Q140455300,,Fauna,Q140455300,Wikidata
Q7439936,Q140693065,,Fauna,Q140693065,Wikidata
Q1067861,永明,,Fauna,Q141206455,Wikidata
Q220083,永明,,Fauna,Q141206455,Wikidata
Q220013,Snowflake,,Fauna,Q1429247,Wikidata
Q220036,Matze,,Fauna,Q1442534,Wikidata
Q1957702,Zarafa,,Fauna,Q147683,Wikidata
Q591131,Yuan Zai,,Mammal,Q15263107,Wikidata
Q623333,Martha,Aves,Bird,Q1536726,Wikidata
Q1043283,Bao Bao,,Mammal,Q15647209,Wikidata
Q1284778,Yang Guang,,Mammal,Q15927957,Wikidata
Q154828,Knut,,Mammal,Q159697,Wikidata
Q220057,Marius,,Fauna,Q15979689,Wikidata
Q933612,Mono Paco,,Fauna,Q16608678,Wikidata
Q954207,Alex,,Fauna,Q16651580,Wikidata
Q1149264,Giraffa Samson in Moscow Zoo,,Fauna,Q16694227,Wikidata
Q613676,Giraffa Samson in Moscow Zoo,,Fauna,Q16694227,Wikidata
Q270263,Jenny,,Fauna,Q16849955,Wikidata
Q591131,Yuan Yuan,,Mammal,Q16926560,Wikidata
Q14716828,Gus,,Fauna,Q16980279,Wikidata
Q954207,Gus,,Fauna,Q16980279,Wikidata
Q40682,Igor,,Fauna,Q16983529,Wikidata
Q741395,Southern White Rhino,,Mammal,Q16992633,Wikidata
Q1413736,Ako,Elephantidae,Mammal,Q17191147,Wikidata
Q162722,Kyōko,,Mammal,Q17212897,Wikidata
Q11590110,Yū,,Fauna,Q17225047,Wikidata
Q11595312,Taiyō,,Mammal,Q17225233,Wikidata
Q11633858,Mala,Elephantidae,Mammal,Q17230297,Wikidata
Q11590062,Ōji,Elephantidae,Mammal,Q17239396,Wikidata
Q11590062,Zuze,Elephantidae,Mammal,Q17361352,Wikidata
Q2984677,Zuze,Elephantidae,Mammal,Q17361352,Wikidata
Q11590062,Mac,Elephantidae,Mammal,Q17361473,Wikidata
Q688446,Mac,Elephantidae,Mammal,Q17361473,Wikidata
Q818395,Mei Sheng,,Mammal,Q17502235,Wikidata
Q1284778,Tian Tian,,Mammal,Q18123223,Wikidata
Q220083,Tian Tian,,Mammal,Q18123223,Wikidata
Q11480016,Pooly,Elephantidae,Mammal,Q18234846,Wikidata
Q11590062,Momo,Elephantidae,Mammal,Q18235757,Wikidata
Q220265,Douglas,,Fauna,Q18450138,Wikidata
Q1043283,Ling Ling,,Mammal,Q18454976,Wikidata
Q7337785,Kai Kai,,Mammal,Q18651702,Wikidata
Q7337785,Jia Jia,,Mammal,Q18652181,Wikidata
Q220045,Manninen,,Fauna,Q18660750,Wikidata
Q220055,Manninen,,Fauna,Q18660750,Wikidata
Q2698060,Davídek,,Fauna,Q18745879,Wikidata
Q50981712,Davídek,,Fauna,Q18745879,Wikidata
Q529586,Marjan,,Fauna,Q1899752,Wikidata
Q833625,Marjan,,Fauna,Q1899752,Wikidata
Q11502657,Minazō,,Mammal,Q1936259,Wikidata
Q613676,Phryne,,Fauna,Q20020988,Wikidata
Q220075,Sandra,,Fauna,Q20022011,Wikidata
Q2859185,Hoover,,Mammal,Q2059507,Wikidata
Q220024,Max (Leistenkrokodil),,Fauna,Q20672022,Wikidata
Q2698060,Q20851781,,Fauna,Q20851781,Wikidata
Q1790875,Samson,,Mammal,Q20859645,Wikidata
Q613676,Kuzya,,Fauna,Q21170932,Wikidata
Q613676,Argo,,Fauna,Q21635604,Wikidata
Q613676,Borets,,Mammal,Q21636378,Wikidata
Q613676,Q21644149,,Fauna,Q21644149,Wikidata
Q613676,Q21644409,,Fauna,Q21644409,Wikidata
Q613676,Shango,,Fauna,Q21645684,Wikidata
Q1207908,An An,,Mammal,Q21825070,Wikidata
Q686220,Sandy,,Fauna,Q2221418,Wikidata
Q880487,Sandy,,Fauna,Q2221418,Wikidata
Q623333,Sarah,,Fauna,Q22285630,Wikidata
Q818395,Hua Mei,,Fauna,Q223025,Wikidata
Q494673,Koshik,,Mammal,Q232852,Wikidata
Q10500251,Santino,,Fauna,Q2338298,Wikidata
Q220024,Suma (Orang-Utan),,Mammal,Q2365147,Wikidata
Q220068,Suma (Orang-Utan),,Mammal,Q2365147,Wikidata
Q6423701,Einstein,,Fauna,Q23691666,Wikidata
Q154828,Yan Yan,,Mammal,Q24004521,Wikidata
Q2449490,Tilikum,,Fauna,Q2433338,Wikidata
Q713124,Jacko,,Fauna,Q2434298,Wikidata
Q3082266,Loon,,Mammal,Q24849402,Wikidata
Q818395,Loon,,Mammal,Q24849402,Wikidata
Q9344120,Kinga,,Fauna,Q25415304,Wikidata
Q18775796,Bernhardine,,Mammal,Q2552883,Wikidata
Q220027,Bernhardine,,Mammal,Q2552883,Wikidata
Q818395,Kanzi,,Fauna,Q2565461,Wikidata
Q290283,Batyr,,Mammal,Q2632752,Wikidata
Q4062771,Batyr,,Mammal,Q2632752,Wikidata
Q5566451,Harambe,,Mammal,Q26388682,Wikidata
Q623333,Harambe,,Mammal,Q26388682,Wikidata
Q1207908,Jia Jia,,Mammal,Q27339632,Wikidata
Q1067861,Ohin,,Mammal,Q27920441,Wikidata
Q2587322,Ohin,,Mammal,Q27920441,Wikidata
Q1067861,Tōhin,,Mammal,Q27920442,Wikidata
Q2587322,Tōhin,,Mammal,Q27920442,Wikidata
Q618187,Plons,,Mammal,Q2792695,Wikidata
Q270263,Thomas Bilder,,Fauna,Q28049902,Wikidata
Q270263,Mrs. Bilder,,Fauna,Q28049930,Wikidata
Q1189553,CGP Grey,,Fauna,Q28060940,Wikidata
Q2984677,Pursh,,Fauna,Q28357200,Wikidata
Q154828,Fritz,,Fauna,Q28601248,Wikidata
Q1886334,Jacqueline,,Mammal,Q28940834,Wikidata
Q1519090,Hannes,,Fauna,Q2919391,Wikidata
Q270263,Winnipeg the Bear,,Mammal,Q2919415,Wikidata
Q1852670,Nur-Nuru-Bin,,Fauna,Q29997045,Wikidata
Q922178,Nur-Nuru-Bin,,Fauna,Q29997045,Wikidata
Q220029,Vobara,,Fauna,Q29997052,Wikidata
Q922178,Vobara,,Fauna,Q29997052,Wikidata
Q154828,Fatou,,Mammal,Q30598261,Wikidata
Q154828,Saturn,,Fauna,Q30600555,Wikidata
Q613676,Saturn,,Fauna,Q30600555,Wikidata
Q3364790,Vince,,Fauna,Q30600919,Wikidata
Q390504,Vince,,Fauna,Q30600919,Wikidata
Q2943001,April,,Mammal,Q30602550,Wikidata
Q1368242,Kokomo,,Fauna,Q30678340,Wikidata
Q818395,Diego,,Fauna,Q30899989,Wikidata
Q3364798,Teteia,,Fauna,Q30939281,Wikidata
Q220055,Rasputin,,Fauna,Q31842114,Wikidata
Q880487,Rasputin,,Fauna,Q31842114,Wikidata
Q1957702,Kiki,,Fauna,Q3196532,Wikidata
Q1067861,Meng Meng,,Mammal,Q32860587,Wikidata
Q154828,Meng Meng,,Mammal,Q32860587,Wikidata
Q1067861,Jiao Qing,,Mammal,Q32860589,Wikidata
Q154828,Jiao Qing,,Mammal,Q32860589,Wikidata
Q1870391,Morgan,,Mammal,Q3467045,Wikidata
Q3576007,Yuan Zi,,Mammal,Q34979890,Wikidata
Q3576007,Huan Huan,,Mammal,Q34980322,Wikidata
Q3576007,Mini-Yuan Zi,,Mammal,Q34980751,Wikidata
Q220086,Gaston,,Fauna,Q3498624,Wikidata
Q373187,William Windsor,Capra aegagrus hircus,Mammal,Q3569037,Wikidata
Q220001,Willie B.,,Fauna,Q3702754,Wikidata
Q11527526,Grape-kun,,Fauna,Q41935492,Wikidata
Q11610196,Grape-kun,,Fauna,Q41935492,Wikidata
Q613676,Kinuli,,Fauna,Q4220976,Wikidata
Q591131,Lin Wang,,Fauna,Q4262337,Wikidata
Q2709506,Ah Meng,,Fauna,Q4264181,Wikidata
Q2343219,Yossi,,Mammal,Q42755949,Wikidata
Q10860225,Hanako,Elephantidae,Mammal,Q4495383,Wikidata
Q162722,Hanako,Elephantidae,Mammal,Q4495383,Wikidata
Q162722,Hachi,,Mammal,Q45819309,Wikidata
Q1957702,Nénette,,Fauna,Q46992999,Wikidata
Q3241309,Babec,,Fauna,Q4837682,Wikidata
Q865749,Babec,,Fauna,Q4837682,Wikidata
Q623333,Fiona,,Mammal,Q48965670,Wikidata
Q3034913,Lin Bing,,Fauna,Q4919981,Wikidata
Q818395,Gao Gao,,Mammal,Q4922925,Wikidata
Q270263,Chi Chi,,Fauna,Q4923351,Wikidata
Q3034913,Lin Hui,,Mammal,Q4924689,Wikidata
Q1043283,Bonnie,,Fauna,Q4942270,Wikidata
Q370775,Bonnie,,Fauna,Q4942270,Wikidata
Q741395,Charles the Gorilla,,Mammal,Q5084052,Wikidata
Q3562223,Q50918892,,Fauna,Q50918892,Wikidata
Q1043283,Dunk,,Fauna,Q5315333,Wikidata
Q11405998,Futa,,Mammal,Q5510432,Wikidata
Q11508065,Futa,,Mammal,Q5510432,Wikidata
Q2915736,Gabi,,Fauna,Q5515392,Wikidata
Q1368242,Gemina,,Fauna,Q5530615,Wikidata
Q7419252,Gemina,,Fauna,Q5530615,Wikidata
Q3090513,Jenny,,Fauna,Q55597432,Wikidata
Q270263,Guy the Gorilla,,Mammal,Q5622717,Wikidata
Q1994806,Chu-Lin,,Mammal,Q5768359,Wikidata
Q502326,Antje,,Fauna,Q584616,Wikidata
Q6935857,Kshamenk,,Fauna,Q5960823,Wikidata
Q752283,Nord,,Fauna,Q60575542,Wikidata
Q220009,Jambo,,Fauna,Q6127804,Wikidata
Q4345284,Jambo,,Fauna,Q6127804,Wikidata
Q3375717,Tohui,,Mammal,Q6148056,Wikidata
Q3244627,Pemba,,Mammal,Q61743520,Wikidata
Q3244627,Imandari,,Mammal,Q61743554,Wikidata
Q3082583,Ketan,,Mammal,Q61743605,Wikidata
Q3244627,Ketan,,Mammal,Q61743605,Wikidata
Q1957702,Maya,,Mammal,Q61743671,Wikidata
Q1994806,Maya,,Mammal,Q61743671,Wikidata
Q1957702,Dijan,,Mammal,Q61743717,Wikidata
Q3364860,Dijan,,Mammal,Q61743717,Wikidata
Q220014,Iloscha,,Mammal,Q61743816,Wikidata
Q3364860,Iloscha,,Mammal,Q61743816,Wikidata
Q12065270,Nyi-Ma,,Mammal,Q61743834,Wikidata
Q3364860,Nyi-Ma,,Mammal,Q61743834,Wikidata
Q1957702,Maïtuk,,Mammal,Q61743863,Wikidata
Q3364860,Maïtuk,,Mammal,Q61743863,Wikidata
Q3364860,Haiku,,Mammal,Q61743903,Wikidata
Q3364860,Yoshi,,Mammal,Q61743929,Wikidata
Q2387471,Āsā,,Mammal,Q61743994,Wikidata
Q2387471,Lotus,,Mammal,Q61744024,Wikidata
Q3576007,Lotus,,Mammal,Q61744024,Wikidata
Q220027,Tara,,Mammal,Q61744034,Wikidata
Q2387471,Tara,,Mammal,Q61744034,Wikidata
Q2387471,Āgō,,Mammal,Q61744049,Wikidata
Q2315180,Lotus,,Mammal,Q61744207,Wikidata
Q3364781,Lotus,,Mammal,Q61744207,Wikidata
Q2315180,Kamala,,Mammal,Q61744246,Wikidata
Q2315180,Bhalu,,Mammal,Q61744257,Wikidata
Q5464809,Bhalu,,Mammal,Q61744257,Wikidata
Q220027,Nima,,Mammal,Q61749266,Wikidata
Q154828,Angelina,,Mammal,Q61749322,Wikidata
Q220014,Quincy,,Mammal,Q61749447,Wikidata
Q1790875,Isabel,,Mammal,Q61749456,Wikidata
Q702771,Isabel,,Mammal,Q61749456,Wikidata
Q154828,Angela,,Mammal,Q61749525,Wikidata
Q154828,Geordi,,Mammal,Q61749633,Wikidata
Q2112449,Amber,,Mammal,Q61749966,Wikidata
Q2112449,Autumn,,Mammal,Q61749993,Wikidata
Q2112449,Vixen,,Mammal,Q61750032,Wikidata
Q220024,Vixen,,Mammal,Q61750032,Wikidata
Q2112449,Chris,,Mammal,Q61750086,Wikidata
Q2183630,Chris,,Mammal,Q61750086,Wikidata
Q11796775,Plocia,,Mammal,Q61750119,Wikidata
Q2112449,Plocia,,Mammal,Q61750119,Wikidata
Q2112449,Phoenix,,Mammal,Q61750140,Wikidata
Q16668906,Ibet,,Mammal,Q61968668,Wikidata
Q220003,Ibet,,Mammal,Q61968668,Wikidata
Q16668906,Li-Meï,,Mammal,Q61968675,Wikidata
Q3576031,Li-Meï,,Mammal,Q61968675,Wikidata
Q3364803,Pô,,Mammal,Q61968688,Wikidata
Q3576057,Nyhima,,Mammal,Q61968696,Wikidata
Q3576057,Caïji,,Mammal,Q61968713,Wikidata
Q16668906,Mushu,,Mammal,Q61968789,Wikidata
Q3363942,Mushu,,Mammal,Q61968789,Wikidata
Q2166574,Loofah,,Mammal,Q62019265,Wikidata
Q2166574,Doofah,,Mammal,Q62019274,Wikidata
Q2166574,Ketu,,Mammal,Q62019289,Wikidata
Q3115846,Ketu,,Mammal,Q62019289,Wikidata
Q2709506,Karma,,Mammal,Q62019400,Wikidata
Q3115846,Karma,,Mammal,Q62019400,Wikidata
Q3115846,Nima,,Mammal,Q62019409,Wikidata
Q495039,Nima,,Mammal,Q62019409,Wikidata
Q3115846,Dawa,,Mammal,Q62019419,Wikidata
Q495039,Dawa,,Mammal,Q62019419,Wikidata
Q3115846,Khusi,,Mammal,Q62019423,Wikidata
Q7981545,Khusi,,Mammal,Q62019423,Wikidata
Q2665285,Khela,,Mammal,Q62019431,Wikidata
Q3115846,Khela,,Mammal,Q62019431,Wikidata
Q3115846,Tenzing,,Mammal,Q62019513,Wikidata
Q3115846,Jamuna,,Mammal,Q62019514,Wikidata
Q2665285,Chito,,Mammal,Q62019529,Wikidata
Q3115846,Chito,,Mammal,Q62019529,Wikidata
Q3115846,Tayla,,Mammal,Q62019532,Wikidata
Q495039,Tayla,,Mammal,Q62019532,Wikidata
Q2166574,Pumori,,Mammal,Q62021584,Wikidata
Q2166574,Rohan,,Mammal,Q62021585,Wikidata
Q1064813,Rohan,,Mammal,Q62029785,Wikidata
Q1064813,Mishry,,Mammal,Q62029787,Wikidata
Q1064813,Ishwar,,Mammal,Q62029788,Wikidata
Q1789271,Adrian,,Mammal,Q62464958,Wikidata
Q5087901,Maina,,Mammal,Q62511099,Wikidata
Q7082160,Maina,,Mammal,Q62511099,Wikidata
Q5087901,Nigalya,,Mammal,Q62511557,Wikidata
Q5087901,Wyatt,,Mammal,Q62511730,Wikidata
Q6220465,Wyatt,,Mammal,Q62511730,Wikidata
Q5087901,Bella,,Mammal,Q62511925,Wikidata
Q5087901,Butch,,Mammal,Q62511954,Wikidata
Q5087901,Wen-Dee,,Mammal,Q62512502,Wikidata
Q6364924,Wen-Dee,,Mammal,Q62512502,Wikidata
Q861318,Tsugaru,,Fauna,Q62601406,Wikidata
Q623333,Dr. Erin Curry,,Mammal,Q62606800,Wikidata
Q623333,Kelli,,Mammal,Q62606868,Wikidata
Q2753621,Toby,,Mammal,Q62606897,Wikidata
Q623333,Toby,,Mammal,Q62606897,Wikidata
Q623333,Liwu,,Mammal,Q62606920,Wikidata
Q5339105,Kola,,Mammal,Q62606971,Wikidata
Q623333,Kola,,Mammal,Q62606971,Wikidata
Q3576020,Kendji,,Mammal,Q62606983,Wikidata
Q623333,Kendji,,Mammal,Q62606983,Wikidata
Q2698060,Q62625327,,Fauna,Q62625327,Wikidata
Q5339105,Kalden,,Mammal,Q62630968,Wikidata
Q7058075,Kalden,,Mammal,Q62630968,Wikidata
Q11508065,Rina,,Mammal,Q62631075,Wikidata
Q5339105,Rina,,Mammal,Q62631075,Wikidata
Q5339105,Pip,,Mammal,Q62631145,Wikidata
Q4808913,Tango,,Mammal,Q62631237,Wikidata
Q5339105,Tango,,Mammal,Q62631237,Wikidata
Q4808913,Tanvi,,Mammal,Q62631377,Wikidata
Q4808913,Suva,,Mammal,Q62631383,Wikidata
Q4808913,Sachi,,Mammal,Q62631720,Wikidata
Q4808913,Mambo,,Mammal,Q62631913,Wikidata
Q2698060,Q63025682,,Fauna,Q63025682,Wikidata
Q1789271,Julius,,Fauna,Q6309629,Wikidata
Q2698060,Q63102536,,Fauna,Q63102536,Wikidata
Q2698060,Q63102550,,Fauna,Q63102550,Wikidata
Q25058412,Esmeralda,,Mammal,Q63226233,Wikidata
Q11781326,Dr. Lily Parkinson,,Mammal,Q63226680,Wikidata
Q6896316,Dr. Lily Parkinson,,Mammal,Q63226680,Wikidata
Q2166515,Kayavak,,Fauna,Q6380481,Wikidata
Q220055,Heidi,,Fauna,Q638489,Wikidata
Q818395,Ken Allen,,Fauna,Q6387229,Wikidata
Q833625,Khanzir,,Fauna,Q6400437,Wikidata
Q49577277,Samson,,Fauna,Q65050341,Wikidata
Q818395,Karen,,Fauna,Q65081347,Wikidata
Q3244627,Karta,,Fauna,Q65081664,Wikidata
Q818395,Karta,,Fauna,Q65081664,Wikidata
Q3082583,Tricia,,Fauna,Q65089984,Wikidata
Q162722,Ling Ling,,Fauna,Q6553701,Wikidata
Q220083,Ling Ling,,Fauna,Q6553701,Wikidata
Q3113018,Lolita,,Fauna,Q6668907,Wikidata
Q1067861,Lun Lun,,Mammal,Q6703478,Wikidata
Q220001,Mei Lan,,Mammal,Q6809926,Wikidata
Q1043283,Mei Xiang,,Mammal,Q6809940,Wikidata
Q11705492,Tenzing,,Mammal,Q68112776,Wikidata
Q1886334,Tenzing,,Mammal,Q68112776,Wikidata
Q686220,Flocke,,Fauna,Q708453,Wikidata
Q8055765,Flocke,,Fauna,Q708453,Wikidata
Q7101428,Packy,,Fauna,Q7123060,Wikidata
Q7856369,Pemba,,Mammal,Q7161857,Wikidata
Q1207908,Giant pandas in Hong Kong,,Mammal,Q7262039,Wikidata
Q7187022,Ruby,,Mammal,Q7376264,Wikidata
Q11062008,Shi Shi,,Mammal,Q7495922,Wikidata
Q818395,Shi Shi,,Mammal,Q7495922,Wikidata
Q2665285,Sirocco,,Fauna,Q7530532,Wikidata
Q3364789,Shakti,,Mammal,Q76098070,Wikidata
Q10723789,Giraffe Che,,Mammal,Q76156828,Wikidata
Q1954263,Giraffe Che,,Mammal,Q76156828,Wikidata
Q929075,Su Lin,,Mammal,Q7630348,Wikidata
Q818395,Su Lin,,Mammal,Q7630349,Wikidata
Q9097826,Taotao,,Mammal,Q7684325,Wikidata
Q270263,Congo,,Fauna,Q775697,Wikidata
Q1946237,Ulisses,,Fauna,Q7879048,Wikidata
Q818395,Xiao Liwu,,Mammal,Q8044219,Wikidata
Q3375717,Xin Xin,,Mammal,Q8044482,Wikidata
Q1067861,Yang Yang,,Fauna,Q8048506,Wikidata
Q220001,Yang Yang,,Fauna,Q8048506,Wikidata
Q154828,Bao Bao,,Fauna,Q807044,Wikidata
Q5339105,Qiji,,Mammal,Q82337283,Wikidata
Q4808913,Ralphie,,Mammal,Q82339042,Wikidata
Q5339105,Ralphie,,Mammal,Q82339042,Wikidata
Q5339105,Willow,,Mammal,Q82342804,Wikidata
Q5339105,Paprika,,Mammal,Q82342947,Wikidata
Q5339105,Pepper,,Mammal,Q82342955,Wikidata
Q154828,Bobby (Gorilla),,Mammal,Q888431,Wikidata
Q1067861,結浜,,Mammal,Q92924558,Wikidata
Q2587322,結浜,,Mammal,Q92924558,Wikidata
Q1067861,Jia Yueyue,,Mammal,Q95814215,Wikidata
Q2982903,Jia Yueyue,,Mammal,Q95814215,Wikidata
Q741395,Jia Yueyue,,Mammal,Q95814215,Wikidata
Q1067861,Jia Panpan,,Mammal,Q95814439,Wikidata
Q2982903,Jia Panpan,,Mammal,Q95814439,Wikidata
Q741395,Jia Panpan,,Mammal,Q95814439,Wikidata
Q1067861,Meng Xiang,,Mammal,Q95821544,Wikidata
Q154828,Meng Xiang,,Mammal,Q95821544,Wikidata
Q1067861,Meng Yuan,,Mammal,Q95821577,Wikidata
Q154828,Meng Yuan,,Mammal,Q95821577,Wikidata
Q591131,Tuan Tuan,,Mammal,Q95836197,Wikidata
Q9097825,Kaavan,,Fauna,Q96384973,Wikidata
Q3576063,Gogo,,Fauna,Q97031024,Wikidata
Q4351543,Gogo,,Fauna,Q97031024,Wikidata
Q4325472,Icchan,,Fauna,Q97031306,Wikidata
Q220023,Mara,,Fauna,Q97046594,Wikidata
Q1938567,Baffin,,Fauna,Q97706245,Wikidata
Q2275145,Kanan tigress,Panthera tigris,Mammal,Q97933208,Wikidata
Q1043283,Ham,,Fauna,Q28270,Wikidata
Q1850938,Ham,,Fauna,Q28270,Wikidata
